first_name, last_name, email
Dominick, Osinski, dosinski@fearless.tech
Dallas, Konopelski, dkonopelski@fearless.tech
Taylor, Schamberger, tschamberger@fearless.tech
Constance, Beer, cbeer@fearless.tech
Tracy, McCullough, tmccullough@fearsol.com
May, Pollich, mpollich@email.com
Bryant, Hettinger, bhettinger@fearless.tech
Bonnie, Oberbrunner, boberbrunner@fearsol.com
Donnie, Adams, dadams@fearless.tech
Angelica, Morar, amorar@fearless.tech
